{
  "key": "water",
  "label": "Water (H2O)",
  "kind": "molecule",
  "category": "molecules",
  "elements": [
    "O",
    "H"
  ],
  "nn": 0.31,
  "unit": "molecules",
  "order": 10,
  "molecule": {
    "sites": [
      {
        "element": "O",
        "pos": [
          0,
          0,
          0
        ]
      },
      {
        "element": "H",
        "pos": [
          0.07569503272636612,
          0.058588227661829494,
          0
        ]
      },
      {
        "element": "H",
        "pos": [
          -0.07569503272636612,
          0.058588227661829494,
          0
        ]
      }
    ],
    "bonds": [
      {
        "a": 0,
        "b": 1,
        "r0": 0.09572,
        "k": 200000
      },
      {
        "a": 0,
        "b": 2,
        "r0": 0.09572,
        "k": 200000
      }
    ],
    "angles": [
      {
        "a": 1,
        "b": 0,
        "c": 2,
        "theta0": 1.8242181341844732,
        "k": 460
      }
    ]
  }
}
